run_timestamp,keyword,current_score,avg_velocity,avg_acceleration,momentum_score,label,source
2026-06-28T16:02:21.456835+00:00,มีมตัวอย่าง3,31.54,0.901,2.059,1.248,PEAK_RISING,simulate_fallback
2026-06-28T16:02:21.456835+00:00,มีมตัวอย่าง2,32.84,0.503,0.919,0.628,PEAK_RISING,simulate_fallback
2026-06-28T16:02:21.456835+00:00,มีมตัวอย่าง1,27.98,0.246,0.333,0.272,PLATEAU,simulate_fallback
2026-06-28T16:02:21.456835+00:00,คีย์เวิร์ดกลุ่ม2 อันที่1,0.0,0.0,0.0,0.0,PLATEAU,live
2026-06-28T16:02:21.456835+00:00,คีย์เวิร์ดกลุ่ม2 อันที่2,0.0,0.0,0.0,0.0,PLATEAU,live
2026-06-28T16:49:43.786265+00:00,มีมตัวอย่าง1,0.0,0.0,0.0,0.0,PLATEAU,live
2026-06-28T16:49:43.786265+00:00,มีมตัวอย่าง2,0.0,0.0,0.0,0.0,PLATEAU,live
2026-06-28T16:49:43.786265+00:00,มีมตัวอย่าง3,0.0,0.0,0.0,0.0,PLATEAU,live
2026-06-28T16:49:43.786265+00:00,คีย์เวิร์ดกลุ่ม2 อันที่1,0.0,0.0,0.0,0.0,PLATEAU,live
2026-06-28T16:49:43.786265+00:00,คีย์เวิร์ดกลุ่ม2 อันที่2,0.0,0.0,0.0,0.0,PLATEAU,live
2026-06-28T17:16:31.779082+00:00,ลิปเปลี่ยนสี,0.0,0.0,0.0,0.0,PLATEAU,live
2026-06-28T17:16:31.779082+00:00,ครีมกันแดดโกลว์,0.0,0.0,0.0,0.0,PLATEAU,live
2026-06-28T17:16:31.779082+00:00,เซรั่มหน้าใส,0.0,0.0,0.0,0.0,PLATEAU,live
2026-06-28T17:16:31.779082+00:00,น้ำหอมติดทน,0.0,0.0,0.0,0.0,PLATEAU,live
2026-06-28T17:16:31.779082+00:00,คอนซีลเลอร์,0.0,0.0,0.0,0.0,PLATEAU,live
2026-06-28T17:16:31.779082+00:00,คอลลาเจน,0.0,0.0,0.0,0.0,PLATEAU,live
2026-06-28T17:16:31.779082+00:00,วิตามินผิว,0.0,0.0,0.0,0.0,PLATEAU,live
2026-06-28T17:16:31.779082+00:00,ขนมเกาหลี,0.0,0.0,0.0,0.0,PLATEAU,live
2026-06-28T17:16:31.779082+00:00,กาแฟลดน้ำหนัก,0.0,0.0,0.0,0.0,PLATEAU,live
2026-06-28T17:16:31.779082+00:00,โพรไบโอติก,0.0,0.0,0.0,0.0,PLATEAU,live
2026-06-28T17:16:31.779082+00:00,ที่ดูดฝุ่นไร้สาย,0.0,0.0,0.0,0.0,PLATEAU,live
2026-06-28T17:16:31.779082+00:00,หม้อทอดไร้น้ำมัน,0.0,0.0,0.0,0.0,PLATEAU,live
2026-06-28T17:16:31.779082+00:00,เครื่องฟอกอากาศ,0.0,0.0,0.0,0.0,PLATEAU,live
2026-06-28T17:16:31.779082+00:00,ไฟ LED ติดผนัง,0.0,0.0,0.0,0.0,PLATEAU,live
2026-06-28T17:16:31.779082+00:00,เครื่องชงกาแฟ,0.0,0.0,0.0,0.0,PLATEAU,live
2026-06-28T17:16:31.779082+00:00,รองเท้าผ้าใบ,0.0,7.556,0.0,5.289,GROWING_SLOWING,live
2026-06-28T17:16:31.779082+00:00,เสื้อโอเวอร์ไซส์,0.0,0.0,0.0,0.0,PLATEAU,live
2026-06-28T17:16:31.779082+00:00,กางเกงขายาวทรงสวย,0.0,0.0,0.0,0.0,PLATEAU,live
2026-06-28T17:16:31.779082+00:00,กระเป๋าสะพาย,0.0,0.0,0.0,0.0,PLATEAU,live
2026-06-28T17:16:31.779082+00:00,เดรสออกงาน,0.0,0.0,0.0,0.0,PLATEAU,live
2026-06-28T19:03:57.372698+00:00,ลิปเปลี่ยนสี,0.0,0.0,0.0,0.0,PLATEAU,live
2026-06-28T19:03:57.372698+00:00,ครีมกันแดดโกลว์,0.0,0.0,0.0,0.0,PLATEAU,live
2026-06-28T19:03:57.372698+00:00,เซรั่มหน้าใส,0.0,0.0,0.0,0.0,PLATEAU,live
2026-06-28T19:03:57.372698+00:00,น้ำหอมติดทน,0.0,0.0,0.0,0.0,PLATEAU,live
2026-06-28T19:03:57.372698+00:00,คอนซีลเลอร์,0.0,0.0,0.0,0.0,PLATEAU,live
2026-06-28T19:03:57.372698+00:00,คอลลาเจน,0.0,0.0,0.0,0.0,PLATEAU,live
2026-06-28T19:03:57.372698+00:00,วิตามินผิว,0.0,0.0,0.0,0.0,PLATEAU,live
2026-06-28T19:03:57.372698+00:00,ขนมเกาหลี,0.0,0.0,0.0,0.0,PLATEAU,live
2026-06-28T19:03:57.372698+00:00,กาแฟลดน้ำหนัก,0.0,0.0,0.0,0.0,PLATEAU,live
2026-06-28T19:03:57.372698+00:00,โพรไบโอติก,0.0,0.0,0.0,0.0,PLATEAU,live
2026-06-28T19:03:57.372698+00:00,ที่ดูดฝุ่นไร้สาย,0.0,0.0,0.0,0.0,PLATEAU,live
2026-06-28T19:03:57.372698+00:00,หม้อทอดไร้น้ำมัน,0.0,0.0,0.0,0.0,PLATEAU,live
2026-06-28T19:03:57.372698+00:00,เครื่องฟอกอากาศ,0.0,0.0,0.0,0.0,PLATEAU,live
2026-06-28T19:03:57.372698+00:00,ไฟ LED ติดผนัง,0.0,0.0,0.0,0.0,PLATEAU,live
2026-06-28T19:03:57.372698+00:00,เครื่องชงกาแฟ,0.0,0.0,0.0,0.0,PLATEAU,live
2026-06-28T19:03:57.372698+00:00,เสื้อโอเวอร์ไซส์,0.0,0.0,0.0,0.0,PLATEAU,live
2026-06-28T19:03:57.372698+00:00,กางเกงขายาวทรงสวย,0.0,0.0,0.0,0.0,PLATEAU,live
2026-06-28T19:03:57.372698+00:00,รองเท้าผ้าใบ,0.0,0.0,0.0,0.0,PLATEAU,live
2026-06-28T19:03:57.372698+00:00,กระเป๋าสะพาย,0.0,0.0,0.0,0.0,PLATEAU,live
2026-06-28T19:03:57.372698+00:00,เดรสออกงาน,0.0,0.0,0.0,0.0,PLATEAU,live
2026-06-28T21:55:05.292444+00:00,คอนซีลเลอร์,100.0,11.111,11.111,11.111,PEAK_RISING,live
2026-06-28T21:55:05.292444+00:00,ลิปเปลี่ยนสี,0.0,0.0,0.0,0.0,PLATEAU,live
2026-06-28T21:55:05.292444+00:00,ครีมกันแดดโกลว์,0.0,0.0,0.0,0.0,PLATEAU,live
2026-06-28T21:55:05.292444+00:00,เซรั่มหน้าใส,0.0,0.0,0.0,0.0,PLATEAU,live
2026-06-28T21:55:05.292444+00:00,น้ำหอมติดทน,0.0,0.0,0.0,0.0,PLATEAU,live
2026-06-28T21:55:05.292444+00:00,คอลลาเจน,0.0,0.0,0.0,0.0,PLATEAU,live
2026-06-28T21:55:05.292444+00:00,วิตามินผิว,0.0,0.0,0.0,0.0,PLATEAU,live
2026-06-28T21:55:05.292444+00:00,ขนมเกาหลี,0.0,0.0,0.0,0.0,PLATEAU,live
2026-06-28T21:55:05.292444+00:00,กาแฟลดน้ำหนัก,0.0,0.0,0.0,0.0,PLATEAU,live
2026-06-28T21:55:05.292444+00:00,โพรไบโอติก,0.0,0.0,0.0,0.0,PLATEAU,live
2026-06-28T21:55:05.292444+00:00,ที่ดูดฝุ่นไร้สาย,0.0,0.0,0.0,0.0,PLATEAU,live
2026-06-28T21:55:05.292444+00:00,หม้อทอดไร้น้ำมัน,0.0,0.0,0.0,0.0,PLATEAU,live
2026-06-28T21:55:05.292444+00:00,เครื่องฟอกอากาศ,0.0,0.0,0.0,0.0,PLATEAU,live
2026-06-28T21:55:05.292444+00:00,ไฟ LED ติดผนัง,0.0,0.0,0.0,0.0,PLATEAU,live
2026-06-28T21:55:05.292444+00:00,เครื่องชงกาแฟ,0.0,0.0,0.0,0.0,PLATEAU,live
2026-06-28T21:55:05.292444+00:00,เสื้อโอเวอร์ไซส์,0.0,0.0,0.0,0.0,PLATEAU,live
2026-06-28T21:55:05.292444+00:00,กางเกงขายาวทรงสวย,0.0,0.0,0.0,0.0,PLATEAU,live
2026-06-28T21:55:05.292444+00:00,รองเท้าผ้าใบ,0.0,0.0,0.0,0.0,PLATEAU,live
2026-06-28T21:55:05.292444+00:00,กระเป๋าสะพาย,0.0,0.0,0.0,0.0,PLATEAU,live
2026-06-28T21:55:05.292444+00:00,เดรสออกงาน,0.0,0.0,0.0,0.0,PLATEAU,live
2026-06-29T02:31:21.627033+00:00,ลิปเปลี่ยนสี,0.0,0.0,0.0,0.0,STABLE,live
2026-06-29T02:31:21.627033+00:00,ครีมกันแดดโกลว์,0.0,0.0,0.0,0.0,STABLE,live
2026-06-29T02:31:21.627033+00:00,เซรั่มหน้าใส,0.0,0.0,0.0,0.0,STABLE,live
2026-06-29T02:31:21.627033+00:00,น้ำหอมติดทน,0.0,0.0,0.0,0.0,STABLE,live
2026-06-29T02:31:21.627033+00:00,คอนซีลเลอร์,0.0,0.0,0.0,0.0,STABLE,live
2026-06-29T02:31:21.627033+00:00,คอลลาเจน,0.0,0.0,7.333,2.2,STABLE,live
2026-06-29T02:31:21.627033+00:00,วิตามินผิว,0.0,0.0,0.0,0.0,STABLE,live
2026-06-29T02:31:21.627033+00:00,ขนมเกาหลี,0.0,0.0,0.0,0.0,STABLE,live
2026-06-29T02:31:21.627033+00:00,กาแฟลดน้ำหนัก,0.0,0.0,0.0,0.0,STABLE,live
2026-06-29T02:31:21.627033+00:00,โพรไบโอติก,0.0,0.0,0.0,0.0,STABLE,live
2026-06-29T02:31:21.627033+00:00,ที่ดูดฝุ่นไร้สาย,0.0,0.0,0.0,0.0,STABLE,live
2026-06-29T02:31:21.627033+00:00,หม้อทอดไร้น้ำมัน,0.0,0.0,0.0,0.0,STABLE,live
2026-06-29T02:31:21.627033+00:00,เครื่องฟอกอากาศ,0.0,0.0,0.0,0.0,STABLE,live
2026-06-29T02:31:21.627033+00:00,ไฟ LED ติดผนัง,0.0,0.0,0.0,0.0,STABLE,live
2026-06-29T02:31:21.627033+00:00,เครื่องชงกาแฟ,0.0,0.0,0.0,0.0,STABLE,live
2026-06-29T02:31:21.627033+00:00,กางเกงขายาวทรงสวย,39.0,4.333,4.333,4.333,GROWTH,live
2026-06-29T02:31:21.627033+00:00,เสื้อโอเวอร์ไซส์,0.0,0.0,0.0,0.0,STABLE,live
2026-06-29T02:31:21.627033+00:00,รองเท้าผ้าใบ,0.0,0.0,0.0,0.0,STABLE,live
2026-06-29T02:31:21.627033+00:00,กระเป๋าสะพาย,0.0,0.0,0.0,0.0,STABLE,live
2026-06-29T02:31:21.627033+00:00,เดรสออกงาน,0.0,0.0,0.0,0.0,STABLE,live
2026-06-29T02:37:16.338475+00:00,ลิปเปลี่ยนสี,0.0,0.0,0.0,0.0,STABLE,live
2026-06-29T02:37:16.338475+00:00,ครีมกันแดดโกลว์,0.0,0.0,0.0,0.0,STABLE,live
2026-06-29T02:37:16.338475+00:00,เซรั่มหน้าใส,0.0,0.0,0.0,0.0,STABLE,live
2026-06-29T02:37:16.338475+00:00,น้ำหอมติดทน,0.0,0.0,0.0,0.0,STABLE,live
2026-06-29T02:37:16.338475+00:00,คอนซีลเลอร์,0.0,0.0,0.0,0.0,STABLE,live
2026-06-29T02:37:16.338475+00:00,คอลลาเจน,0.0,5.111,0.0,3.578,INTRO,live
2026-06-29T02:37:16.338475+00:00,วิตามินผิว,0.0,0.0,0.0,0.0,STABLE,live
2026-06-29T02:37:16.338475+00:00,ขนมเกาหลี,0.0,0.0,0.0,0.0,STABLE,live
2026-06-29T02:37:16.338475+00:00,กาแฟลดน้ำหนัก,0.0,0.0,0.0,0.0,STABLE,live
2026-06-29T02:37:16.338475+00:00,โพรไบโอติก,0.0,0.0,0.0,0.0,STABLE,live
2026-06-29T02:37:16.338475+00:00,เครื่องฟอกอากาศ,0.0,4.111,0.0,2.878,INTRO,live
2026-06-29T02:37:16.338475+00:00,ที่ดูดฝุ่นไร้สาย,0.0,0.0,0.0,0.0,STABLE,live
2026-06-29T02:37:16.338475+00:00,หม้อทอดไร้น้ำมัน,0.0,0.0,0.0,0.0,STABLE,live
2026-06-29T02:37:16.338475+00:00,ไฟ LED ติดผนัง,0.0,0.0,0.0,0.0,STABLE,live
2026-06-29T02:37:16.338475+00:00,เครื่องชงกาแฟ,0.0,-5.0,0.0,-3.5,DECLINE,live
2026-06-29T02:37:16.338475+00:00,เสื้อโอเวอร์ไซส์,0.0,0.0,0.0,0.0,STABLE,live
2026-06-29T02:37:16.338475+00:00,กางเกงขายาวทรงสวย,0.0,0.0,0.0,0.0,STABLE,live
2026-06-29T02:37:16.338475+00:00,รองเท้าผ้าใบ,0.0,0.0,0.0,0.0,STABLE,live
2026-06-29T02:37:16.338475+00:00,กระเป๋าสะพาย,0.0,0.0,0.0,0.0,STABLE,live
2026-06-29T02:37:16.338475+00:00,เดรสออกงาน,0.0,0.0,0.0,0.0,STABLE,live
2026-06-29T02:38:56.016645+00:00,ลิปเปลี่ยนสี,0.0,0.0,0.0,0.0,STABLE,live
2026-06-29T02:38:56.016645+00:00,ครีมกันแดดโกลว์,0.0,0.0,0.0,0.0,STABLE,live
2026-06-29T02:38:56.016645+00:00,เซรั่มหน้าใส,0.0,0.0,0.0,0.0,STABLE,live
2026-06-29T02:38:56.016645+00:00,น้ำหอมติดทน,0.0,0.0,0.0,0.0,STABLE,live
2026-06-29T02:38:56.016645+00:00,คอนซีลเลอร์,0.0,0.0,0.0,0.0,STABLE,live
2026-06-29T02:38:56.016645+00:00,คอลลาเจน,0.0,0.0,0.0,0.0,STABLE,live
2026-06-29T02:38:56.016645+00:00,วิตามินผิว,0.0,0.0,0.0,0.0,STABLE,live
2026-06-29T02:38:56.016645+00:00,ขนมเกาหลี,0.0,0.0,0.0,0.0,STABLE,live
2026-06-29T02:38:56.016645+00:00,กาแฟลดน้ำหนัก,0.0,0.0,0.0,0.0,STABLE,live
2026-06-29T02:38:56.016645+00:00,โพรไบโอติก,0.0,0.0,0.0,0.0,STABLE,live
2026-06-29T02:38:56.016645+00:00,ที่ดูดฝุ่นไร้สาย,0.0,0.0,0.0,0.0,STABLE,live
2026-06-29T02:38:56.016645+00:00,หม้อทอดไร้น้ำมัน,0.0,0.0,0.0,0.0,STABLE,live
2026-06-29T02:38:56.016645+00:00,เครื่องฟอกอากาศ,0.0,0.0,0.0,0.0,STABLE,live
2026-06-29T02:38:56.016645+00:00,ไฟ LED ติดผนัง,0.0,0.0,0.0,0.0,STABLE,live
2026-06-29T02:38:56.016645+00:00,เครื่องชงกาแฟ,0.0,0.0,0.0,0.0,STABLE,live
2026-06-29T02:38:56.016645+00:00,กระเป๋าสะพาย,0.0,1.556,0.0,1.089,INTRO,live
2026-06-29T02:38:56.016645+00:00,เสื้อโอเวอร์ไซส์,0.0,0.0,0.0,0.0,STABLE,live
2026-06-29T02:38:56.016645+00:00,กางเกงขายาวทรงสวย,0.0,0.0,0.0,0.0,STABLE,live
2026-06-29T02:38:56.016645+00:00,รองเท้าผ้าใบ,0.0,0.0,0.0,0.0,STABLE,live
2026-06-29T02:38:56.016645+00:00,เดรสออกงาน,0.0,0.0,0.0,0.0,STABLE,live
2026-06-29T02:55:25.769072+00:00,คอนซีลเลอร์,18.0,2.0,2.0,2.0,INTRO,live
2026-06-29T02:55:25.769072+00:00,ลิปเปลี่ยนสี,0.0,0.0,0.0,0.0,STABLE,live
2026-06-29T02:55:25.769072+00:00,ครีมกันแดดโกลว์,0.0,0.0,0.0,0.0,STABLE,live
2026-06-29T02:55:25.769072+00:00,เซรั่มหน้าใส,0.0,0.0,0.0,0.0,STABLE,live
2026-06-29T02:55:25.769072+00:00,น้ำหอมติดทน,0.0,0.0,0.0,0.0,STABLE,live
2026-06-29T02:55:25.769072+00:00,โพรไบโอติก,16.0,9.0,1.778,6.833,INTRO,live
2026-06-29T02:55:25.769072+00:00,คอลลาเจน,59.0,6.778,-9.222,1.978,PEAK,live
2026-06-29T02:55:25.769072+00:00,วิตามินผิว,14.0,1.556,1.556,1.556,INTRO,live
2026-06-29T02:55:25.769072+00:00,ขนมเกาหลี,0.0,0.0,0.0,0.0,STABLE,live
2026-06-29T02:55:25.769072+00:00,กาแฟลดน้ำหนัก,0.0,0.0,0.0,0.0,STABLE,live
2026-06-29T02:55:25.769072+00:00,เครื่องชงกาแฟ,50.0,15.889,5.556,12.789,GROWTH,live
2026-06-29T02:55:25.769072+00:00,เครื่องฟอกอากาศ,16.0,4.556,1.778,3.722,INTRO,live
2026-06-29T02:55:25.769072+00:00,หม้อทอดไร้น้ำมัน,13.0,3.0,1.444,2.533,INTRO,live
2026-06-29T02:55:25.769072+00:00,ที่ดูดฝุ่นไร้สาย,0.0,0.0,0.0,0.0,STABLE,live
2026-06-29T02:55:25.769072+00:00,ไฟ LED ติดผนัง,0.0,-3.778,-7.556,-4.911,DECLINE,live
2026-06-29T02:55:25.769072+00:00,รองเท้าผ้าใบ,40.0,6.0,-0.889,3.933,PEAK,live
2026-06-29T02:55:25.769072+00:00,กระเป๋าสะพาย,20.0,5.667,-4.222,2.7,INTRO,live
2026-06-29T02:55:25.769072+00:00,เสื้อโอเวอร์ไซส์,0.0,0.0,0.0,0.0,STABLE,live
2026-06-29T02:55:25.769072+00:00,กางเกงขายาวทรงสวย,0.0,0.0,0.0,0.0,STABLE,live
2026-06-29T02:55:25.769072+00:00,เดรสออกงาน,0.0,0.0,0.0,0.0,STABLE,live
2026-06-29T07:22:48.348750+00:00,ลิปเปลี่ยนสี,0.0,0.0,0.0,0.0,STABLE,live
2026-06-29T07:22:48.348750+00:00,ครีมกันแดดโกลว์,0.0,0.0,0.0,0.0,STABLE,live
2026-06-29T07:22:48.348750+00:00,เซรั่มหน้าใส,0.0,0.0,0.0,0.0,STABLE,live
2026-06-29T07:22:48.348750+00:00,น้ำหอมติดทน,0.0,0.0,0.0,0.0,STABLE,live
2026-06-29T07:22:48.348750+00:00,คอนซีลเลอร์,0.0,0.0,0.0,0.0,STABLE,live
2026-06-29T07:22:48.348750+00:00,คอลลาเจน,69.0,0.667,5.222,2.033,GROWTH,live
2026-06-29T07:22:48.348750+00:00,ขนมเกาหลี,0.0,0.0,0.0,0.0,STABLE,live
2026-06-29T07:22:48.348750+00:00,กาแฟลดน้ำหนัก,0.0,0.0,0.0,0.0,STABLE,live
2026-06-29T07:22:48.348750+00:00,วิตามินผิว,0.0,-0.778,1.778,-0.011,DECLINE,live
2026-06-29T07:22:48.348750+00:00,โพรไบโอติก,0.0,-2.111,-2.667,-2.278,DECLINE,live
2026-06-29T07:22:48.348750+00:00,เครื่องฟอกอากาศ,58.0,2.222,-2.889,0.689,PEAK,live
2026-06-29T07:22:48.348750+00:00,ที่ดูดฝุ่นไร้สาย,0.0,0.0,0.0,0.0,STABLE,live
2026-06-29T07:22:48.348750+00:00,ไฟ LED ติดผนัง,0.0,0.0,0.0,0.0,STABLE,live
2026-06-29T07:22:48.348750+00:00,เครื่องชงกาแฟ,81.0,-1.111,-1.778,-1.311,DECLINE,live
2026-06-29T07:22:48.348750+00:00,หม้อทอดไร้น้ำมัน,0.0,-1.0,-3.556,-1.767,DECLINE,live
2026-06-29T07:22:48.348750+00:00,กระเป๋าสะพาย,48.0,1.556,0.111,1.122,GROWTH,live
2026-06-29T07:22:48.348750+00:00,เสื้อโอเวอร์ไซส์,0.0,0.0,0.0,0.0,STABLE,live
2026-06-29T07:22:48.348750+00:00,กางเกงขายาวทรงสวย,0.0,0.0,0.0,0.0,STABLE,live
2026-06-29T07:22:48.348750+00:00,เดรสออกงาน,0.0,0.0,0.0,0.0,STABLE,live
2026-06-29T07:22:48.348750+00:00,รองเท้าผ้าใบ,57.0,-1.111,-3.667,-1.878,DECLINE,live
2026-06-29T10:33:34.139555+00:00,คอนซีลเลอร์,27.4,0.427,0.535,0.46,INTRO,simulate_fallback
2026-06-29T10:33:34.139555+00:00,ครีมกันแดดโกลว์,31.34,-0.038,0.141,0.016,STABLE,simulate_fallback
2026-06-29T10:33:34.139555+00:00,น้ำหอมติดทน,34.85,-0.343,-0.458,-0.377,DECLINE,simulate_fallback
2026-06-29T10:33:34.139555+00:00,ลิปเปลี่ยนสี,28.57,-0.74,-1.636,-1.008,DECLINE,simulate_fallback
2026-06-29T10:33:34.139555+00:00,เซรั่มหน้าใส,29.9,-1.462,-2.922,-1.9,DECLINE,simulate_fallback
2026-06-29T10:33:34.139555+00:00,กาแฟลดน้ำหนัก,34.24,1.13,1.143,1.134,INTRO,simulate_fallback
2026-06-29T10:33:34.139555+00:00,วิตามินผิว,33.44,0.003,-0.646,-0.191,STABLE,simulate_fallback
2026-06-29T10:33:34.139555+00:00,โพรไบโอติก,27.15,-0.929,-1.261,-1.029,DECLINE,simulate_fallback
2026-06-29T10:33:34.139555+00:00,คอลลาเจน,23.4,-1.367,-1.232,-1.326,DECLINE,simulate_fallback
2026-06-29T10:33:34.139555+00:00,ขนมเกาหลี,31.15,-1.449,-1.199,-1.374,DECLINE,simulate_fallback
2026-06-29T10:33:34.139555+00:00,เครื่องชงกาแฟ,72.0,1.667,2.444,1.9,GROWTH,live
2026-06-29T10:33:34.139555+00:00,เครื่องฟอกอากาศ,45.0,1.111,2.111,1.411,GROWTH,live
2026-06-29T10:33:34.139555+00:00,ที่ดูดฝุ่นไร้สาย,0.0,0.0,0.0,0.0,STABLE,live
2026-06-29T10:33:34.139555+00:00,ไฟ LED ติดผนัง,0.0,0.0,0.0,0.0,STABLE,live
2026-06-29T10:33:34.139555+00:00,หม้อทอดไร้น้ำมัน,0.0,-0.444,-0.889,-0.578,DECLINE,live
2026-06-29T10:33:34.139555+00:00,รองเท้าผ้าใบ,79.0,1.778,2.444,1.978,GROWTH,live
2026-06-29T10:33:34.139555+00:00,กระเป๋าสะพาย,54.0,1.556,2.778,1.922,GROWTH,live
2026-06-29T10:33:34.139555+00:00,เสื้อโอเวอร์ไซส์,0.0,0.0,0.0,0.0,STABLE,live
2026-06-29T10:33:34.139555+00:00,กางเกงขายาวทรงสวย,0.0,0.0,0.0,0.0,STABLE,live
2026-06-29T10:33:34.139555+00:00,เดรสออกงาน,0.0,0.0,0.0,0.0,STABLE,live
2026-06-29T10:38:37.723347+00:00,ครีมกันแดดโกลว์,31.69,1.448,1.65,1.509,INTRO,simulate_fallback
2026-06-29T10:38:37.723347+00:00,ลิปเปลี่ยนสี,29.9,1.172,0.738,1.042,INTRO,simulate_fallback
2026-06-29T10:38:37.723347+00:00,คอนซีลเลอร์,26.77,0.143,0.873,0.362,STABLE,simulate_fallback
2026-06-29T10:38:37.723347+00:00,เซรั่มหน้าใส,23.8,0.116,-0.413,-0.043,STABLE,simulate_fallback
2026-06-29T10:38:37.723347+00:00,น้ำหอมติดทน,27.67,0.028,-0.28,-0.065,STABLE,simulate_fallback
2026-06-29T10:38:37.723347+00:00,กาแฟลดน้ำหนัก,38.4,1.489,1.991,1.64,GROWTH,simulate_fallback
2026-06-29T10:38:37.723347+00:00,โพรไบโอติก,30.89,0.891,0.529,0.783,INTRO,simulate_fallback
2026-06-29T10:38:37.723347+00:00,วิตามินผิว,26.99,0.494,0.033,0.356,INTRO,simulate_fallback
2026-06-29T10:38:37.723347+00:00,คอลลาเจน,28.05,0.594,-1.222,0.049,INTRO,simulate_fallback
2026-06-29T10:38:37.723347+00:00,ขนมเกาหลี,25.41,-0.06,-0.717,-0.257,STABLE,simulate_fallback
2026-06-29T10:38:37.723347+00:00,เครื่องชงกาแฟ,31.16,0.057,1.344,0.443,STABLE,simulate_fallback
2026-06-29T10:38:37.723347+00:00,เครื่องฟอกอากาศ,31.34,0.085,0.065,0.079,STABLE,simulate_fallback
2026-06-29T10:38:37.723347+00:00,ที่ดูดฝุ่นไร้สาย,34.7,-0.487,0.216,-0.276,DECLINE,simulate_fallback
2026-06-29T10:38:37.723347+00:00,หม้อทอดไร้น้ำมัน,27.17,-1.021,-0.181,-0.769,DECLINE,simulate_fallback
2026-06-29T10:38:37.723347+00:00,ไฟ LED ติดผนัง,30.56,-1.188,-0.655,-1.028,DECLINE,simulate_fallback
2026-06-29T10:38:37.723347+00:00,รองเท้าผ้าใบ,81.0,3.556,3.778,3.622,GROWTH,live
2026-06-29T10:38:37.723347+00:00,เสื้อโอเวอร์ไซส์,0.0,0.0,0.0,0.0,STABLE,live
2026-06-29T10:38:37.723347+00:00,กางเกงขายาวทรงสวย,0.0,0.0,0.0,0.0,STABLE,live
2026-06-29T10:38:37.723347+00:00,เดรสออกงาน,0.0,0.0,0.0,0.0,STABLE,live
2026-06-29T10:38:37.723347+00:00,กระเป๋าสะพาย,40.0,-2.0,1.556,-0.933,DECLINE,live
2026-06-29T11:13:54.630160+00:00,ลิปเปลี่ยนสี,0.0,0.0,0.0,0.0,STABLE,live
2026-06-29T11:13:54.630160+00:00,ครีมกันแดดโกลว์,0.0,0.0,0.0,0.0,STABLE,live
2026-06-29T11:13:54.630160+00:00,เซรั่มหน้าใส,0.0,0.0,0.0,0.0,STABLE,live
2026-06-29T11:13:54.630160+00:00,น้ำหอมติดทน,0.0,0.0,0.0,0.0,STABLE,live
2026-06-29T11:13:54.630160+00:00,คอนซีลเลอร์,0.0,-4.444,-11.556,-6.578,DECLINE,live
2026-06-29T11:13:54.630160+00:00,วิตามินผิว,0.0,1.778,-3.778,0.111,INTRO,live
2026-06-29T11:13:54.630160+00:00,ขนมเกาหลี,0.0,0.0,0.0,0.0,STABLE,live
2026-06-29T11:13:54.630160+00:00,กาแฟลดน้ำหนัก,0.0,-1.556,0.0,-1.089,DECLINE,live
2026-06-29T11:13:54.630160+00:00,คอลลาเจน,0.0,-3.222,-4.111,-3.489,DECLINE,live
2026-06-29T11:13:54.630160+00:00,โพรไบโอติก,0.0,-4.0,-6.667,-4.8,DECLINE,live
2026-06-29T11:13:54.630160+00:00,ที่ดูดฝุ่นไร้สาย,0.0,0.0,0.0,0.0,STABLE,live
2026-06-29T11:13:54.630160+00:00,ไฟ LED ติดผนัง,0.0,0.0,0.0,0.0,STABLE,live
2026-06-29T11:13:54.630160+00:00,หม้อทอดไร้น้ำมัน,0.0,-0.778,-2.556,-1.311,DECLINE,live
2026-06-29T11:13:54.630160+00:00,เครื่องฟอกอากาศ,0.0,-3.0,-2.556,-2.867,DECLINE,live
2026-06-29T11:13:54.630160+00:00,เครื่องชงกาแฟ,0.0,-6.778,-2.333,-5.444,DECLINE,live
2026-06-29T11:13:54.630160+00:00,กระเป๋าสะพาย,76.0,3.444,3.556,3.478,GROWTH,live
2026-06-29T11:13:54.630160+00:00,รองเท้าผ้าใบ,72.0,1.556,-2.556,0.322,PEAK,live
2026-06-29T11:13:54.630160+00:00,เสื้อโอเวอร์ไซส์,0.0,0.0,0.0,0.0,STABLE,live
2026-06-29T11:13:54.630160+00:00,กางเกงขายาวทรงสวย,0.0,0.0,0.0,0.0,STABLE,live
2026-06-29T11:13:54.630160+00:00,เดรสออกงาน,0.0,0.0,0.0,0.0,STABLE,live
2026-06-29T12:58:40.852473+00:00,ลิปเปลี่ยนสี,25.35,0.12,-0.068,0.064,STABLE,simulate_fallback
2026-06-29T12:58:40.852473+00:00,ครีมกันแดดโกลว์,27.53,-0.145,0.134,-0.061,STABLE,simulate_fallback
2026-06-29T12:58:40.852473+00:00,เซรั่มหน้าใส,34.43,-0.356,-0.006,-0.251,DECLINE,simulate_fallback
2026-06-29T12:58:40.852473+00:00,น้ำหอมติดทน,26.96,-0.659,-2.172,-1.113,DECLINE,simulate_fallback
2026-06-29T12:58:40.852473+00:00,คอนซีลเลอร์,27.23,-1.524,-2.127,-1.705,DECLINE,simulate_fallback
2026-06-29T12:58:40.852473+00:00,วิตามินผิว,32.53,0.96,0.929,0.951,INTRO,simulate_fallback
2026-06-29T12:58:40.852473+00:00,กาแฟลดน้ำหนัก,32.04,0.56,-0.151,0.347,INTRO,simulate_fallback
2026-06-29T12:58:40.852473+00:00,ขนมเกาหลี,32.85,-0.197,1.53,0.321,STABLE,simulate_fallback
2026-06-29T12:58:40.852473+00:00,คอลลาเจน,30.09,0.125,-0.483,-0.058,STABLE,simulate_fallback
2026-06-29T12:58:40.852473+00:00,โพรไบโอติก,24.51,-1.427,-0.409,-1.122,DECLINE,simulate_fallback
2026-06-29T12:58:40.852473+00:00,เครื่องฟอกอากาศ,34.0,1.412,1.809,1.531,INTRO,simulate_fallback
2026-06-29T12:58:40.852473+00:00,เครื่องชงกาแฟ,31.15,0.888,0.446,0.755,INTRO,simulate_fallback
2026-06-29T12:58:40.852473+00:00,หม้อทอดไร้น้ำมัน,29.15,-0.038,-0.151,-0.072,STABLE,simulate_fallback
2026-06-29T12:58:40.852473+00:00,ที่ดูดฝุ่นไร้สาย,27.27,-0.674,-0.196,-0.531,DECLINE,simulate_fallback
2026-06-29T12:58:40.852473+00:00,ไฟ LED ติดผนัง,25.17,-2.1,-1.062,-1.789,DECLINE,simulate_fallback
2026-06-29T12:58:40.852473+00:00,รองเท้าผ้าใบ,31.84,1.828,0.842,1.532,INTRO,simulate_fallback
2026-06-29T12:58:40.852473+00:00,กางเกงขายาวทรงสวย,27.24,1.19,0.312,0.927,INTRO,simulate_fallback
2026-06-29T12:58:40.852473+00:00,เดรสออกงาน,30.42,0.913,0.951,0.925,INTRO,simulate_fallback
2026-06-29T12:58:40.852473+00:00,กระเป๋าสะพาย,32.58,0.619,-0.294,0.345,INTRO,simulate_fallback
2026-06-29T12:58:40.852473+00:00,เสื้อโอเวอร์ไซส์,29.2,0.274,-0.009,0.189,STABLE,simulate_fallback
2026-06-29T15:40:31.527736+00:00,ครีมกันแดดโกลว์,30.68,1.737,0.607,1.398,INTRO,simulate_fallback
2026-06-29T15:40:31.527736+00:00,ลิปเปลี่ยนสี,29.79,1.529,0.829,1.319,INTRO,simulate_fallback
2026-06-29T15:40:31.527736+00:00,เซรั่มหน้าใส,31.61,0.4,0.126,0.317,INTRO,simulate_fallback
2026-06-29T15:40:31.527736+00:00,น้ำหอมติดทน,32.91,-0.942,0.86,-0.401,DECLINE,simulate_fallback
2026-06-29T15:40:31.527736+00:00,คอนซีลเลอร์,25.52,-2.047,-1.418,-1.858,DECLINE,simulate_fallback
2026-06-29T15:40:31.527736+00:00,คอลลาเจน,48.0,4.0,2.333,3.5,GROWTH,live
2026-06-29T15:40:31.527736+00:00,วิตามินผิว,0.0,0.0,0.0,0.0,STABLE,live
2026-06-29T15:40:31.527736+00:00,ขนมเกาหลี,0.0,0.0,0.0,0.0,STABLE,live
2026-06-29T15:40:31.527736+00:00,กาแฟลดน้ำหนัก,0.0,0.0,0.0,0.0,STABLE,live
2026-06-29T15:40:31.527736+00:00,โพรไบโอติก,0.0,-4.444,-7.333,-5.311,DECLINE,live
2026-06-29T15:40:31.527736+00:00,เครื่องฟอกอากาศ,46.0,5.333,8.889,6.4,GROWTH,live
2026-06-29T15:40:31.527736+00:00,ที่ดูดฝุ่นไร้สาย,0.0,0.0,0.0,0.0,STABLE,live
2026-06-29T15:40:31.527736+00:00,ไฟ LED ติดผนัง,0.0,0.0,0.0,0.0,STABLE,live
2026-06-29T15:40:31.527736+00:00,เครื่องชงกาแฟ,0.0,-5.111,6.333,-1.678,DECLINE,live
2026-06-29T15:40:31.527736+00:00,หม้อทอดไร้น้ำมัน,0.0,-9.667,0.0,-6.767,DECLINE,live
2026-06-29T15:40:31.527736+00:00,รองเท้าผ้าใบ,88.0,3.444,7.333,4.611,GROWTH,live
2026-06-29T15:40:31.527736+00:00,กระเป๋าสะพาย,52.0,3.111,-4.667,0.778,PEAK,live
2026-06-29T15:40:31.527736+00:00,เสื้อโอเวอร์ไซส์,0.0,0.0,0.0,0.0,STABLE,live
2026-06-29T15:40:31.527736+00:00,กางเกงขายาวทรงสวย,0.0,0.0,0.0,0.0,STABLE,live
2026-06-29T15:40:31.527736+00:00,เดรสออกงาน,0.0,0.0,0.0,0.0,STABLE,live
2026-06-29T17:28:40.797918+00:00,ลิปเปลี่ยนสี,0.0,0.0,0.0,0.0,STABLE,live
2026-06-29T17:28:40.797918+00:00,ครีมกันแดดโกลว์,0.0,0.0,0.0,0.0,STABLE,live
2026-06-29T17:28:40.797918+00:00,เซรั่มหน้าใส,0.0,0.0,0.0,0.0,STABLE,live
2026-06-29T17:28:40.797918+00:00,น้ำหอมติดทน,0.0,0.0,0.0,0.0,STABLE,live
2026-06-29T17:28:40.797918+00:00,คอนซีลเลอร์,0.0,-3.222,-6.444,-4.189,DECLINE,live
2026-06-29T17:28:40.797918+00:00,ขนมเกาหลี,0.0,0.0,0.0,0.0,STABLE,live
2026-06-29T17:28:40.797918+00:00,กาแฟลดน้ำหนัก,0.0,0.0,0.0,0.0,STABLE,live
2026-06-29T17:28:40.797918+00:00,วิตามินผิว,0.0,0.0,-4.444,-1.333,STABLE,live
2026-06-29T17:28:40.797918+00:00,โพรไบโอติก,0.0,-3.444,-2.778,-3.244,DECLINE,live
2026-06-29T17:28:40.797918+00:00,คอลลาเจน,0.0,-3.222,-4.889,-3.722,DECLINE,live
2026-06-29T17:28:40.797918+00:00,ที่ดูดฝุ่นไร้สาย,0.0,0.0,0.0,0.0,STABLE,live
2026-06-29T17:28:40.797918+00:00,ไฟ LED ติดผนัง,0.0,0.0,0.0,0.0,STABLE,live
2026-06-29T17:28:40.797918+00:00,หม้อทอดไร้น้ำมัน,0.0,-5.111,0.889,-3.311,DECLINE,live
2026-06-29T17:28:40.797918+00:00,เครื่องฟอกอากาศ,0.0,-6.556,-5.667,-6.289,DECLINE,live
2026-06-29T17:28:40.797918+00:00,เครื่องชงกาแฟ,0.0,-8.667,-6.444,-8.0,DECLINE,live
2026-06-29T17:28:40.797918+00:00,เสื้อโอเวอร์ไซส์,0.0,0.0,0.0,0.0,STABLE,live
2026-06-29T17:28:40.797918+00:00,กางเกงขายาวทรงสวย,0.0,0.0,0.0,0.0,STABLE,live
2026-06-29T17:28:40.797918+00:00,เดรสออกงาน,0.0,0.0,0.0,0.0,STABLE,live
2026-06-29T17:28:40.797918+00:00,กระเป๋าสะพาย,0.0,-3.444,-2.333,-3.111,DECLINE,live
2026-06-29T17:28:40.797918+00:00,รองเท้าผ้าใบ,0.0,-7.889,-4.889,-6.989,DECLINE,live
2026-06-29T19:44:03.598745+00:00,ลิปเปลี่ยนสี,0.0,0.0,0.0,0.0,STABLE,live
2026-06-29T19:44:03.598745+00:00,ครีมกันแดดโกลว์,0.0,0.0,0.0,0.0,STABLE,live
2026-06-29T19:44:03.598745+00:00,เซรั่มหน้าใส,0.0,0.0,0.0,0.0,STABLE,live
2026-06-29T19:44:03.598745+00:00,น้ำหอมติดทน,0.0,0.0,0.0,0.0,STABLE,live
2026-06-29T19:44:03.598745+00:00,คอนซีลเลอร์,0.0,-1.778,0.0,-1.244,DECLINE,live
2026-06-29T19:44:03.598745+00:00,ขนมเกาหลี,0.0,0.0,0.0,0.0,STABLE,live
2026-06-29T19:44:03.598745+00:00,กาแฟลดน้ำหนัก,0.0,0.0,0.0,0.0,STABLE,live
2026-06-29T19:44:03.598745+00:00,วิตามินผิว,0.0,-2.778,0.0,-1.944,DECLINE,live
2026-06-29T19:44:03.598745+00:00,โพรไบโอติก,0.0,-4.889,-2.333,-4.122,DECLINE,live
2026-06-29T19:44:03.598745+00:00,คอลลาเจน,0.0,-10.333,-5.0,-8.733,DECLINE,live
2026-06-29T19:44:03.598745+00:00,ที่ดูดฝุ่นไร้สาย,0.0,0.0,0.0,0.0,STABLE,live
2026-06-29T19:44:03.598745+00:00,ไฟ LED ติดผนัง,0.0,0.0,0.0,0.0,STABLE,live
2026-06-29T19:44:03.598745+00:00,หม้อทอดไร้น้ำมัน,0.0,-6.444,4.0,-3.311,DECLINE,live
2026-06-29T19:44:03.598745+00:00,เครื่องฟอกอากาศ,0.0,-12.444,-3.222,-9.678,DECLINE,live
2026-06-29T19:44:03.598745+00:00,เครื่องชงกาแฟ,0.0,-16.0,-3.111,-12.133,DECLINE,live
2026-06-29T19:44:03.598745+00:00,เสื้อโอเวอร์ไซส์,0.0,0.0,0.0,0.0,STABLE,live
2026-06-29T19:44:03.598745+00:00,กางเกงขายาวทรงสวย,0.0,0.0,0.0,0.0,STABLE,live
2026-06-29T19:44:03.598745+00:00,เดรสออกงาน,0.0,0.0,0.0,0.0,STABLE,live
2026-06-29T19:44:03.598745+00:00,รองเท้าผ้าใบ,0.0,-12.222,-1.444,-8.989,DECLINE,live
2026-06-29T19:44:03.598745+00:00,กระเป๋าสะพาย,0.0,-13.778,-0.556,-9.811,DECLINE,live
2026-06-29T22:04:44.841348+00:00,ลิปเปลี่ยนสี,0.0,10.889,0.0,7.622,INTRO,live
2026-06-29T22:04:44.841348+00:00,ครีมกันแดดโกลว์,0.0,0.0,0.0,0.0,STABLE,live
2026-06-29T22:04:44.841348+00:00,เซรั่มหน้าใส,0.0,0.0,0.0,0.0,STABLE,live
2026-06-29T22:04:44.841348+00:00,น้ำหอมติดทน,0.0,0.0,0.0,0.0,STABLE,live
2026-06-29T22:04:44.841348+00:00,คอนซีลเลอร์,0.0,-7.333,0.0,-5.133,DECLINE,live
2026-06-29T22:04:44.841348+00:00,คอลลาเจน,0.0,0.333,4.667,1.633,INTRO,live
2026-06-29T22:04:44.841348+00:00,โพรไบโอติก,0.0,0.0,2.0,0.6,STABLE,live
2026-06-29T22:04:44.841348+00:00,วิตามินผิว,0.0,0.0,0.0,0.0,STABLE,live
2026-06-29T22:04:44.841348+00:00,ขนมเกาหลี,0.0,0.0,0.0,0.0,STABLE,live
2026-06-29T22:04:44.841348+00:00,กาแฟลดน้ำหนัก,0.0,0.0,0.0,0.0,STABLE,live
2026-06-29T22:04:44.841348+00:00,เครื่องฟอกอากาศ,0.0,0.0,2.222,0.667,STABLE,live
2026-06-29T22:04:44.841348+00:00,ที่ดูดฝุ่นไร้สาย,0.0,0.0,0.0,0.0,STABLE,live
2026-06-29T22:04:44.841348+00:00,หม้อทอดไร้น้ำมัน,0.0,0.0,0.0,0.0,STABLE,live
2026-06-29T22:04:44.841348+00:00,ไฟ LED ติดผนัง,0.0,0.0,0.0,0.0,STABLE,live
2026-06-29T22:04:44.841348+00:00,เครื่องชงกาแฟ,0.0,0.0,0.0,0.0,STABLE,live
2026-06-29T22:04:44.841348+00:00,เสื้อโอเวอร์ไซส์,0.0,0.0,0.0,0.0,STABLE,live
2026-06-29T22:04:44.841348+00:00,กางเกงขายาวทรงสวย,0.0,0.0,0.0,0.0,STABLE,live
2026-06-29T22:04:44.841348+00:00,เดรสออกงาน,0.0,0.0,0.0,0.0,STABLE,live
2026-06-29T22:04:44.841348+00:00,กระเป๋าสะพาย,0.0,-2.111,3.111,-0.544,DECLINE,live
2026-06-29T22:04:44.841348+00:00,รองเท้าผ้าใบ,0.0,-2.778,2.0,-1.344,DECLINE,live
2026-06-30T02:33:44.272968+00:00,คอนซีลเลอร์,0.0,5.778,0.0,4.044,INTRO,live
2026-06-30T02:33:44.272968+00:00,ลิปเปลี่ยนสี,0.0,0.0,0.0,0.0,STABLE,live
2026-06-30T02:33:44.272968+00:00,ครีมกันแดดโกลว์,0.0,0.0,0.0,0.0,STABLE,live
2026-06-30T02:33:44.272968+00:00,เซรั่มหน้าใส,0.0,0.0,0.0,0.0,STABLE,live
2026-06-30T02:33:44.272968+00:00,น้ำหอมติดทน,0.0,0.0,0.0,0.0,STABLE,live
2026-06-30T02:33:44.272968+00:00,วิตามินผิว,0.0,1.889,0.0,1.322,INTRO,live
2026-06-30T02:33:44.272968+00:00,ขนมเกาหลี,0.0,0.0,0.0,0.0,STABLE,live
2026-06-30T02:33:44.272968+00:00,กาแฟลดน้ำหนัก,0.0,0.0,0.0,0.0,STABLE,live
2026-06-30T02:33:44.272968+00:00,โพรไบโอติก,0.0,2.222,-6.0,-0.244,INTRO,live
2026-06-30T02:33:44.272968+00:00,คอลลาเจน,42.0,-1.444,-6.444,-2.944,DECLINE,live
2026-06-30T02:33:44.272968+00:00,เครื่องชงกาแฟ,48.0,12.444,5.333,10.311,GROWTH,live
2026-06-30T02:33:44.272968+00:00,หม้อทอดไร้น้ำมัน,23.0,7.778,2.556,6.211,INTRO,live
2026-06-30T02:33:44.272968+00:00,เครื่องฟอกอากาศ,30.0,5.889,3.333,5.122,INTRO,live
2026-06-30T02:33:44.272968+00:00,ที่ดูดฝุ่นไร้สาย,0.0,0.0,0.0,0.0,STABLE,live
2026-06-30T02:33:44.272968+00:00,ไฟ LED ติดผนัง,0.0,0.0,0.0,0.0,STABLE,live
2026-06-30T02:33:44.272968+00:00,รองเท้าผ้าใบ,57.0,12.0,7.111,10.533,GROWTH,live
2026-06-30T02:33:44.272968+00:00,กระเป๋าสะพาย,26.0,1.778,2.889,2.111,INTRO,live
2026-06-30T02:33:44.272968+00:00,เสื้อโอเวอร์ไซส์,0.0,0.0,0.0,0.0,STABLE,live
2026-06-30T02:33:44.272968+00:00,กางเกงขายาวทรงสวย,0.0,0.0,0.0,0.0,STABLE,live
2026-06-30T02:33:44.272968+00:00,เดรสออกงาน,0.0,0.0,0.0,0.0,STABLE,live
2026-06-30T06:48:46.754663+00:00,ลิปเปลี่ยนสี,0.0,0.0,0.0,0.0,STABLE,live
2026-06-30T06:48:46.754663+00:00,ครีมกันแดดโกลว์,0.0,0.0,0.0,0.0,STABLE,live
2026-06-30T06:48:46.754663+00:00,เซรั่มหน้าใส,0.0,0.0,0.0,0.0,STABLE,live
2026-06-30T06:48:46.754663+00:00,น้ำหอมติดทน,0.0,0.0,0.0,0.0,STABLE,live
2026-06-30T06:48:46.754663+00:00,คอนซีลเลอร์,0.0,-2.444,0.0,-1.711,DECLINE,live
2026-06-30T06:48:46.754663+00:00,โพรไบโอติก,21.0,1.111,2.556,1.544,INTRO,live
2026-06-30T06:48:46.754663+00:00,คอลลาเจน,49.0,-0.667,1.889,0.1,DECLINE,live
2026-06-30T06:48:46.754663+00:00,ขนมเกาหลี,0.0,0.0,0.0,0.0,STABLE,live
2026-06-30T06:48:46.754663+00:00,กาแฟลดน้ำหนัก,0.0,0.0,0.0,0.0,STABLE,live
2026-06-30T06:48:46.754663+00:00,วิตามินผิว,0.0,-2.333,-2.667,-2.433,DECLINE,live
2026-06-30T06:48:46.754663+00:00,เครื่องชงกาแฟ,41.0,1.444,1.444,1.444,GROWTH,live
2026-06-30T06:48:46.754663+00:00,หม้อทอดไร้น้ำมัน,0.0,1.889,-1.556,0.856,INTRO,live
2026-06-30T06:48:46.754663+00:00,ไฟ LED ติดผนัง,0.0,0.0,0.0,0.0,STABLE,live
2026-06-30T06:48:46.754663+00:00,เครื่องฟอกอากาศ,26.0,0.556,-3.778,-0.744,INTRO,live
2026-06-30T06:48:46.754663+00:00,ที่ดูดฝุ่นไร้สาย,0.0,-1.667,0.0,-1.167,DECLINE,live
2026-06-30T06:48:46.754663+00:00,กระเป๋าสะพาย,38.0,1.889,2.556,2.089,GROWTH,live
2026-06-30T06:48:46.754663+00:00,รองเท้าผ้าใบ,43.0,0.667,1.889,1.033,GROWTH,live
2026-06-30T06:48:46.754663+00:00,เสื้อโอเวอร์ไซส์,0.0,0.0,0.0,0.0,STABLE,live
2026-06-30T06:48:46.754663+00:00,กางเกงขายาวทรงสวย,0.0,0.0,0.0,0.0,STABLE,live
2026-06-30T06:48:46.754663+00:00,เดรสออกงาน,0.0,0.0,0.0,0.0,STABLE,live
2026-06-30T11:39:25.884411+00:00,ลิปเปลี่ยนสี,31.98,0.657,0.113,0.494,INTRO,simulate_fallback
2026-06-30T11:39:25.884411+00:00,เซรั่มหน้าใส,30.91,0.049,0.273,0.116,STABLE,simulate_fallback
2026-06-30T11:39:25.884411+00:00,ครีมกันแดดโกลว์,29.19,-0.137,0.08,-0.072,STABLE,simulate_fallback
2026-06-30T11:39:25.884411+00:00,น้ำหอมติดทน,30.39,-0.075,-0.085,-0.078,STABLE,simulate_fallback
2026-06-30T11:39:25.884411+00:00,คอนซีลเลอร์,29.32,-0.222,0.208,-0.093,STABLE,simulate_fallback
2026-06-30T11:39:25.884411+00:00,คอลลาเจน,49.0,1.444,0.222,1.078,GROWTH,live
2026-06-30T11:39:25.884411+00:00,วิตามินผิว,21.0,1.778,-1.0,0.944,INTRO,live
2026-06-30T11:39:25.884411+00:00,ขนมเกาหลี,0.0,0.0,0.0,0.0,STABLE,live
2026-06-30T11:39:25.884411+00:00,กาแฟลดน้ำหนัก,0.0,0.0,0.0,0.0,STABLE,live
2026-06-30T11:39:25.884411+00:00,โพรไบโอติก,0.0,-4.222,-4.778,-4.389,DECLINE,live
2026-06-30T11:39:25.884411+00:00,หม้อทอดไร้น้ำมัน,30.79,0.186,0.153,0.176,STABLE,simulate_fallback
2026-06-30T11:39:25.884411+00:00,เครื่องชงกาแฟ,29.8,0.125,-0.085,0.062,STABLE,simulate_fallback
2026-06-30T11:39:25.884411+00:00,ที่ดูดฝุ่นไร้สาย,30.94,-0.05,0.173,0.017,STABLE,simulate_fallback
2026-06-30T11:39:25.884411+00:00,ไฟ LED ติดผนัง,29.49,-0.156,-0.107,-0.141,STABLE,simulate_fallback
2026-06-30T11:39:25.884411+00:00,เครื่องฟอกอากาศ,27.21,-0.078,-0.328,-0.153,STABLE,simulate_fallback
2026-06-30T11:39:25.884411+00:00,กระเป๋าสะพาย,31.76,0.592,0.466,0.555,INTRO,simulate_fallback
2026-06-30T11:39:25.884411+00:00,รองเท้าผ้าใบ,29.45,0.026,0.483,0.163,STABLE,simulate_fallback
2026-06-30T11:39:25.884411+00:00,เสื้อโอเวอร์ไซส์,30.18,0.128,-0.015,0.085,STABLE,simulate_fallback
2026-06-30T11:39:25.884411+00:00,เดรสออกงาน,27.75,-0.298,-0.094,-0.237,STABLE,simulate_fallback
2026-06-30T11:39:25.884411+00:00,กางเกงขายาวทรงสวย,28.4,-0.237,-0.467,-0.306,STABLE,simulate_fallback
2026-06-30T13:57:36.543452+00:00,คอนซีลเลอร์,0.0,5.111,0.0,3.578,INTRO,live
2026-06-30T13:57:36.543452+00:00,ลิปเปลี่ยนสี,0.0,0.0,0.0,0.0,STABLE,live
2026-06-30T13:57:36.543452+00:00,ครีมกันแดดโกลว์,0.0,0.0,0.0,0.0,STABLE,live
2026-06-30T13:57:36.543452+00:00,เซรั่มหน้าใส,0.0,0.0,0.0,0.0,STABLE,live
2026-06-30T13:57:36.543452+00:00,น้ำหอมติดทน,0.0,0.0,0.0,0.0,STABLE,live
2026-06-30T13:57:36.543452+00:00,โพรไบโอติก,24.0,2.111,-0.889,1.211,INTRO,live
2026-06-30T13:57:36.543452+00:00,วิตามินผิว,0.0,0.333,1.778,0.767,INTRO,live
2026-06-30T13:57:36.543452+00:00,ขนมเกาหลี,0.0,0.0,0.0,0.0,STABLE,live
2026-06-30T13:57:36.543452+00:00,กาแฟลดน้ำหนัก,0.0,0.0,0.0,0.0,STABLE,live
2026-06-30T13:57:36.543452+00:00,คอลลาเจน,31.0,-0.222,-2.778,-0.989,STABLE,live
2026-06-30T13:57:36.543452+00:00,เครื่องฟอกอากาศ,32.13,0.719,0.474,0.645,INTRO,simulate_fallback
2026-06-30T13:57:36.543452+00:00,เครื่องชงกาแฟ,31.04,-0.029,0.443,0.113,STABLE,simulate_fallback
2026-06-30T13:57:36.543452+00:00,ไฟ LED ติดผนัง,31.3,0.053,-0.045,0.024,STABLE,simulate_fallback
2026-06-30T13:57:36.543452+00:00,ที่ดูดฝุ่นไร้สาย,28.51,-0.115,-0.259,-0.158,STABLE,simulate_fallback
2026-06-30T13:57:36.543452+00:00,หม้อทอดไร้น้ำมัน,29.99,-0.326,-0.447,-0.362,DECLINE,simulate_fallback
2026-06-30T13:57:36.543452+00:00,รองเท้าผ้าใบ,30.29,0.396,0.51,0.43,INTRO,simulate_fallback
2026-06-30T13:57:36.543452+00:00,เดรสออกงาน,31.56,0.223,0.46,0.294,STABLE,simulate_fallback
2026-06-30T13:57:36.543452+00:00,กางเกงขายาวทรงสวย,30.92,0.441,-0.276,0.226,INTRO,simulate_fallback
2026-06-30T13:57:36.543452+00:00,กระเป๋าสะพาย,29.67,-0.036,-0.388,-0.142,STABLE,simulate_fallback
2026-06-30T13:57:36.543452+00:00,เสื้อโอเวอร์ไซส์,30.93,-0.322,0.128,-0.187,DECLINE,simulate_fallback
2026-06-30T16:21:12.049292+00:00,ลิปเปลี่ยนสี,0.0,0.0,0.0,0.0,STABLE,live
2026-06-30T16:21:12.049292+00:00,ครีมกันแดดโกลว์,0.0,0.0,0.0,0.0,STABLE,live
2026-06-30T16:21:12.049292+00:00,เซรั่มหน้าใส,0.0,0.0,0.0,0.0,STABLE,live
2026-06-30T16:21:12.049292+00:00,น้ำหอมติดทน,0.0,0.0,0.0,0.0,STABLE,live
2026-06-30T16:21:12.049292+00:00,คอนซีลเลอร์,0.0,0.0,0.0,0.0,STABLE,live
2026-06-30T16:21:12.049292+00:00,วิตามินผิว,0.0,0.0,0.0,0.0,STABLE,live
2026-06-30T16:21:12.049292+00:00,ขนมเกาหลี,0.0,0.0,0.0,0.0,STABLE,live
2026-06-30T16:21:12.049292+00:00,กาแฟลดน้ำหนัก,0.0,0.0,0.0,0.0,STABLE,live
2026-06-30T16:21:12.049292+00:00,คอลลาเจน,0.0,-1.333,-4.0,-2.133,DECLINE,live
2026-06-30T16:21:12.049292+00:00,โพรไบโอติก,0.0,-3.556,-7.111,-4.622,DECLINE,live
2026-06-30T16:21:12.049292+00:00,ที่ดูดฝุ่นไร้สาย,30.22,0.596,0.269,0.497,INTRO,simulate_fallback
2026-06-30T16:21:12.049292+00:00,หม้อทอดไร้น้ำมัน,30.89,0.321,-0.283,0.14,INTRO,simulate_fallback
2026-06-30T16:21:12.049292+00:00,เครื่องฟอกอากาศ,28.37,-0.263,-0.149,-0.229,STABLE,simulate_fallback
2026-06-30T16:21:12.049292+00:00,เครื่องชงกาแฟ,31.98,-0.287,-0.24,-0.273,STABLE,simulate_fallback
2026-06-30T16:21:12.049292+00:00,ไฟ LED ติดผนัง,25.23,-0.569,-0.012,-0.402,DECLINE,simulate_fallback
2026-06-30T16:21:12.049292+00:00,เดรสออกงาน,31.0,0.414,0.251,0.365,INTRO,simulate_fallback
2026-06-30T16:21:12.049292+00:00,กางเกงขายาวทรงสวย,29.77,0.41,0.052,0.303,INTRO,simulate_fallback
2026-06-30T16:21:12.049292+00:00,เสื้อโอเวอร์ไซส์,30.79,0.147,0.388,0.219,STABLE,simulate_fallback
2026-06-30T16:21:12.049292+00:00,รองเท้าผ้าใบ,30.35,-0.133,-0.038,-0.105,STABLE,simulate_fallback
2026-06-30T16:21:12.049292+00:00,กระเป๋าสะพาย,28.46,-0.207,-0.299,-0.235,STABLE,simulate_fallback
2026-06-30T17:04:28.358387+00:00,ลิปเปลี่ยนสี,29.97,0.195,-0.022,0.13,STABLE,simulate_fallback
2026-06-30T17:04:28.358387+00:00,น้ำหอมติดทน,30.66,-0.054,0.162,0.011,STABLE,simulate_fallback
2026-06-30T17:04:28.358387+00:00,ครีมกันแดดโกลว์,27.67,-0.159,-0.109,-0.144,STABLE,simulate_fallback
2026-06-30T17:04:28.358387+00:00,เซรั่มหน้าใส,29.9,-0.617,-0.159,-0.48,DECLINE,simulate_fallback
2026-06-30T17:04:28.358387+00:00,คอนซีลเลอร์,29.16,-0.679,-0.905,-0.746,DECLINE,simulate_fallback
2026-06-30T17:04:28.358387+00:00,วิตามินผิว,29.21,0.484,0.08,0.363,INTRO,simulate_fallback
2026-06-30T17:04:28.358387+00:00,คอลลาเจน,31.48,0.228,0.284,0.245,STABLE,simulate_fallback
2026-06-30T17:04:28.358387+00:00,โพรไบโอติก,30.5,0.041,0.542,0.191,STABLE,simulate_fallback
2026-06-30T17:04:28.358387+00:00,ขนมเกาหลี,29.17,0.106,-0.075,0.052,STABLE,simulate_fallback
2026-06-30T17:04:28.358387+00:00,กาแฟลดน้ำหนัก,31.46,-0.177,0.274,-0.042,STABLE,simulate_fallback
2026-06-30T17:04:28.358387+00:00,เครื่องฟอกอากาศ,33.77,0.918,0.462,0.781,INTRO,simulate_fallback
2026-06-30T17:04:28.358387+00:00,ที่ดูดฝุ่นไร้สาย,30.22,0.406,0.018,0.29,INTRO,simulate_fallback
2026-06-30T17:04:28.358387+00:00,หม้อทอดไร้น้ำมัน,29.82,0.072,0.14,0.093,STABLE,simulate_fallback
2026-06-30T17:04:28.358387+00:00,ไฟ LED ติดผนัง,29.6,-0.314,-0.435,-0.35,DECLINE,simulate_fallback
2026-06-30T17:04:28.358387+00:00,เครื่องชงกาแฟ,28.2,-0.952,-0.29,-0.753,DECLINE,simulate_fallback
2026-06-30T17:04:28.358387+00:00,รองเท้าผ้าใบ,30.94,0.387,0.11,0.304,INTRO,simulate_fallback
2026-06-30T17:04:28.358387+00:00,กางเกงขายาวทรงสวย,30.17,0.252,0.148,0.22,STABLE,simulate_fallback
2026-06-30T17:04:28.358387+00:00,เดรสออกงาน,27.05,-0.082,-0.198,-0.117,STABLE,simulate_fallback
2026-06-30T17:04:28.358387+00:00,เสื้อโอเวอร์ไซส์,28.18,-0.338,-0.066,-0.256,DECLINE,simulate_fallback
2026-06-30T17:04:28.358387+00:00,กระเป๋าสะพาย,26.48,-0.516,-0.11,-0.394,DECLINE,simulate_fallback
2026-06-30T19:43:20.890230+00:00,ลิปเปลี่ยนสี,0.0,0.0,0.0,0.0,STABLE,live
2026-06-30T19:43:20.890230+00:00,ครีมกันแดดโกลว์,0.0,0.0,0.0,0.0,STABLE,live
2026-06-30T19:43:20.890230+00:00,เซรั่มหน้าใส,0.0,0.0,0.0,0.0,STABLE,live
2026-06-30T19:43:20.890230+00:00,น้ำหอมติดทน,0.0,0.0,0.0,0.0,STABLE,live
2026-06-30T19:43:20.890230+00:00,คอนซีลเลอร์,0.0,0.0,0.0,0.0,STABLE,live
2026-06-30T19:43:20.890230+00:00,วิตามินผิว,0.0,0.0,0.0,0.0,STABLE,live
2026-06-30T19:43:20.890230+00:00,ขนมเกาหลี,0.0,0.0,0.0,0.0,STABLE,live
2026-06-30T19:43:20.890230+00:00,กาแฟลดน้ำหนัก,0.0,0.0,0.0,0.0,STABLE,live
2026-06-30T19:43:20.890230+00:00,โพรไบโอติก,0.0,0.0,0.0,0.0,STABLE,live
2026-06-30T19:43:20.890230+00:00,คอลลาเจน,0.0,-13.444,-4.889,-10.878,DECLINE,live
2026-06-30T19:43:20.890230+00:00,เครื่องฟอกอากาศ,0.0,0.0,3.556,1.067,STABLE,live
2026-06-30T19:43:20.890230+00:00,ที่ดูดฝุ่นไร้สาย,0.0,0.0,0.0,0.0,STABLE,live
2026-06-30T19:43:20.890230+00:00,ไฟ LED ติดผนัง,0.0,0.0,0.0,0.0,STABLE,live
2026-06-30T19:43:20.890230+00:00,หม้อทอดไร้น้ำมัน,0.0,-4.556,4.111,-1.956,DECLINE,live
2026-06-30T19:43:20.890230+00:00,เครื่องชงกาแฟ,0.0,-4.889,4.0,-2.222,DECLINE,live
2026-06-30T19:43:20.890230+00:00,เสื้อโอเวอร์ไซส์,0.0,0.0,0.0,0.0,STABLE,live
2026-06-30T19:43:20.890230+00:00,กางเกงขายาวทรงสวย,0.0,0.0,0.0,0.0,STABLE,live
2026-06-30T19:43:20.890230+00:00,เดรสออกงาน,0.0,0.0,0.0,0.0,STABLE,live
2026-06-30T19:43:20.890230+00:00,กระเป๋าสะพาย,0.0,-10.222,-4.556,-8.522,DECLINE,live
2026-06-30T19:43:20.890230+00:00,รองเท้าผ้าใบ,0.0,-11.222,-3.556,-8.922,DECLINE,live
2026-06-30T22:09:39.435816+00:00,ลิปเปลี่ยนสี,0.0,0.0,0.0,0.0,STABLE,live
2026-06-30T22:09:39.435816+00:00,ครีมกันแดดโกลว์,0.0,0.0,0.0,0.0,STABLE,live
2026-06-30T22:09:39.435816+00:00,เซรั่มหน้าใส,0.0,0.0,0.0,0.0,STABLE,live
2026-06-30T22:09:39.435816+00:00,น้ำหอมติดทน,0.0,0.0,0.0,0.0,STABLE,live
2026-06-30T22:09:39.435816+00:00,คอนซีลเลอร์,0.0,0.0,0.0,0.0,STABLE,live
2026-06-30T22:09:39.435816+00:00,คอลลาเจน,0.0,0.0,5.889,1.767,STABLE,live
2026-06-30T22:09:39.435816+00:00,วิตามินผิว,0.0,0.0,0.0,0.0,STABLE,live
2026-06-30T22:09:39.435816+00:00,ขนมเกาหลี,0.0,0.0,0.0,0.0,STABLE,live
2026-06-30T22:09:39.435816+00:00,กาแฟลดน้ำหนัก,0.0,0.0,0.0,0.0,STABLE,live
2026-06-30T22:09:39.435816+00:00,โพรไบโอติก,0.0,0.0,0.0,0.0,STABLE,live
2026-06-30T22:09:39.435816+00:00,ที่ดูดฝุ่นไร้สาย,0.0,0.0,0.0,0.0,STABLE,live
2026-06-30T22:09:39.435816+00:00,หม้อทอดไร้น้ำมัน,0.0,0.0,0.0,0.0,STABLE,live
2026-06-30T22:09:39.435816+00:00,เครื่องฟอกอากาศ,0.0,0.0,0.0,0.0,STABLE,live
2026-06-30T22:09:39.435816+00:00,ไฟ LED ติดผนัง,0.0,0.0,0.0,0.0,STABLE,live
2026-06-30T22:09:39.435816+00:00,เครื่องชงกาแฟ,0.0,0.0,0.0,0.0,STABLE,live
2026-06-30T22:09:39.435816+00:00,กระเป๋าสะพาย,0.0,0.0,5.222,1.567,STABLE,live
2026-06-30T22:09:39.435816+00:00,เสื้อโอเวอร์ไซส์,0.0,0.0,0.0,0.0,STABLE,live
2026-06-30T22:09:39.435816+00:00,กางเกงขายาวทรงสวย,0.0,0.0,0.0,0.0,STABLE,live
2026-06-30T22:09:39.435816+00:00,รองเท้าผ้าใบ,0.0,0.0,0.0,0.0,STABLE,live
2026-06-30T22:09:39.435816+00:00,เดรสออกงาน,0.0,0.0,0.0,0.0,STABLE,live
2026-07-01T02:37:44.325688+00:00,ลิปเปลี่ยนสี,0.0,0.0,0.0,0.0,STABLE,live
2026-07-01T02:37:44.325688+00:00,ครีมกันแดดโกลว์,0.0,0.0,0.0,0.0,STABLE,live
2026-07-01T02:37:44.325688+00:00,เซรั่มหน้าใส,0.0,0.0,0.0,0.0,STABLE,live
2026-07-01T02:37:44.325688+00:00,น้ำหอมติดทน,0.0,0.0,0.0,0.0,STABLE,live
2026-07-01T02:37:44.325688+00:00,คอนซีลเลอร์,0.0,-10.444,-20.889,-13.578,DECLINE,live
2026-07-01T02:37:44.325688+00:00,คอลลาเจน,48.0,8.0,-5.556,3.933,PEAK,live
2026-07-01T02:37:44.325688+00:00,วิตามินผิว,0.0,2.0,0.0,1.4,INTRO,live
2026-07-01T02:37:44.325688+00:00,โพรไบโอติก,0.0,2.0,0.0,1.4,INTRO,live
2026-07-01T02:37:44.325688+00:00,ขนมเกาหลี,0.0,0.0,0.0,0.0,STABLE,live
2026-07-01T02:37:44.325688+00:00,กาแฟลดน้ำหนัก,0.0,0.0,0.0,0.0,STABLE,live
2026-07-01T02:37:44.325688+00:00,เครื่องชงกาแฟ,54.0,13.667,6.0,11.367,GROWTH,live
2026-07-01T02:37:44.325688+00:00,เครื่องฟอกอากาศ,33.0,10.0,3.667,8.1,INTRO,live
2026-07-01T02:37:44.325688+00:00,ที่ดูดฝุ่นไร้สาย,0.0,0.0,0.0,0.0,STABLE,live
2026-07-01T02:37:44.325688+00:00,หม้อทอดไร้น้ำมัน,0.0,0.0,0.0,0.0,STABLE,live
2026-07-01T02:37:44.325688+00:00,ไฟ LED ติดผนัง,0.0,0.0,0.0,0.0,STABLE,live
2026-07-01T02:37:44.325688+00:00,รองเท้าผ้าใบ,49.0,8.778,-3.444,5.111,PEAK,live
2026-07-01T02:37:44.325688+00:00,กระเป๋าสะพาย,43.0,8.0,-2.333,4.9,PEAK,live
2026-07-01T02:37:44.325688+00:00,เสื้อโอเวอร์ไซส์,0.0,0.0,0.0,0.0,STABLE,live
2026-07-01T02:37:44.325688+00:00,กางเกงขายาวทรงสวย,0.0,0.0,0.0,0.0,STABLE,live
2026-07-01T02:37:44.325688+00:00,เดรสออกงาน,0.0,0.0,0.0,0.0,STABLE,live
2026-07-01T07:05:06.718772+00:00,ลิปเปลี่ยนสี,0.0,0.0,0.0,0.0,STABLE,live
2026-07-01T07:05:06.718772+00:00,ครีมกันแดดโกลว์,0.0,0.0,0.0,0.0,STABLE,live
2026-07-01T07:05:06.718772+00:00,เซรั่มหน้าใส,0.0,0.0,0.0,0.0,STABLE,live
2026-07-01T07:05:06.718772+00:00,น้ำหอมติดทน,0.0,0.0,0.0,0.0,STABLE,live
2026-07-01T07:05:06.718772+00:00,คอนซีลเลอร์,0.0,-1.889,0.0,-1.322,DECLINE,live
2026-07-01T07:05:06.718772+00:00,วิตามินผิว,0.0,1.333,0.0,0.933,INTRO,live
2026-07-01T07:05:06.718772+00:00,ขนมเกาหลี,0.0,0.0,0.0,0.0,STABLE,live
2026-07-01T07:05:06.718772+00:00,กาแฟลดน้ำหนัก,0.0,0.0,0.0,0.0,STABLE,live
2026-07-01T07:05:06.718772+00:00,โพรไบโอติก,0.0,-0.889,-0.333,-0.722,DECLINE,live
2026-07-01T07:05:06.718772+00:00,คอลลาเจน,0.0,-6.222,-2.111,-4.989,DECLINE,live
2026-07-01T07:05:06.718772+00:00,ที่ดูดฝุ่นไร้สาย,0.0,0.0,0.0,0.0,STABLE,live
2026-07-01T07:05:06.718772+00:00,ไฟ LED ติดผนัง,0.0,0.0,0.0,0.0,STABLE,live
2026-07-01T07:05:06.718772+00:00,เครื่องฟอกอากาศ,0.0,-4.889,-2.333,-4.122,DECLINE,live
2026-07-01T07:05:06.718772+00:00,หม้อทอดไร้น้ำมัน,0.0,-3.667,-5.333,-4.167,DECLINE,live
2026-07-01T07:05:06.718772+00:00,เครื่องชงกาแฟ,0.0,-7.778,-6.889,-7.511,DECLINE,live
2026-07-01T07:05:06.718772+00:00,เสื้อโอเวอร์ไซส์,0.0,0.0,0.0,0.0,STABLE,live
2026-07-01T07:05:06.718772+00:00,กางเกงขายาวทรงสวย,0.0,0.0,0.0,0.0,STABLE,live
2026-07-01T07:05:06.718772+00:00,เดรสออกงาน,0.0,0.0,0.0,0.0,STABLE,live
2026-07-01T07:05:06.718772+00:00,รองเท้าผ้าใบ,0.0,-4.111,-3.111,-3.811,DECLINE,live
2026-07-01T07:05:06.718772+00:00,กระเป๋าสะพาย,0.0,-5.222,-7.111,-5.789,DECLINE,live
2026-07-01T11:52:14.463112+00:00,ลิปเปลี่ยนสี,0.0,0.0,0.0,0.0,STABLE,live
2026-07-01T11:52:14.463112+00:00,ครีมกันแดดโกลว์,0.0,0.0,0.0,0.0,STABLE,live
2026-07-01T11:52:14.463112+00:00,เซรั่มหน้าใส,0.0,0.0,0.0,0.0,STABLE,live
2026-07-01T11:52:14.463112+00:00,น้ำหอมติดทน,0.0,0.0,0.0,0.0,STABLE,live
2026-07-01T11:52:14.463112+00:00,คอนซีลเลอร์,0.0,0.0,0.0,0.0,STABLE,live
2026-07-01T11:52:14.463112+00:00,วิตามินผิว,0.0,2.111,-2.0,0.878,INTRO,live
2026-07-01T11:52:14.463112+00:00,ขนมเกาหลี,0.0,0.0,0.0,0.0,STABLE,live
2026-07-01T11:52:14.463112+00:00,กาแฟลดน้ำหนัก,0.0,0.0,0.0,0.0,STABLE,live
2026-07-01T11:52:14.463112+00:00,โพรไบโอติก,17.0,-1.333,1.333,-0.533,DECLINE,live
2026-07-01T11:52:14.463112+00:00,คอลลาเจน,49.0,-1.556,1.667,-0.589,DECLINE,live
2026-07-01T11:52:14.463112+00:00,หม้อทอดไร้น้ำมัน,18.0,1.111,0.667,0.978,INTRO,live
2026-07-01T11:52:14.463112+00:00,ที่ดูดฝุ่นไร้สาย,0.0,0.0,0.0,0.0,STABLE,live
2026-07-01T11:52:14.463112+00:00,ไฟ LED ติดผนัง,0.0,0.0,0.0,0.0,STABLE,live
2026-07-01T11:52:14.463112+00:00,เครื่องชงกาแฟ,25.0,-2.667,0.222,-1.8,DECLINE,live
2026-07-01T11:52:14.463112+00:00,เครื่องฟอกอากาศ,16.0,-3.667,1.444,-2.133,DECLINE,live
2026-07-01T11:52:14.463112+00:00,รองเท้าผ้าใบ,55.0,2.222,3.556,2.622,GROWTH,live
2026-07-01T11:52:14.463112+00:00,กางเกงขายาวทรงสวย,0.0,0.0,0.0,0.0,STABLE,live
2026-07-01T11:52:14.463112+00:00,เดรสออกงาน,0.0,0.0,0.0,0.0,STABLE,live
2026-07-01T11:52:14.463112+00:00,กระเป๋าสะพาย,30.0,-1.778,1.0,-0.944,DECLINE,live
2026-07-01T11:52:14.463112+00:00,เสื้อโอเวอร์ไซส์,0.0,-1.111,-2.222,-1.444,DECLINE,live
2026-07-01T14:09:31.897592+00:00,ครีมกันแดดโกลว์,33.57,0.989,0.414,0.816,INTRO,simulate_fallback
2026-07-01T14:09:31.897592+00:00,น้ำหอมติดทน,31.54,0.498,0.731,0.568,INTRO,simulate_fallback
2026-07-01T14:09:31.897592+00:00,ลิปเปลี่ยนสี,29.56,0.588,0.129,0.451,INTRO,simulate_fallback
2026-07-01T14:09:31.897592+00:00,คอนซีลเลอร์,28.73,0.056,-0.557,-0.128,STABLE,simulate_fallback
2026-07-01T14:09:31.897592+00:00,เซรั่มหน้าใส,29.13,-0.653,-0.58,-0.631,DECLINE,simulate_fallback
2026-07-01T14:09:31.897592+00:00,ขนมเกาหลี,29.52,0.512,0.134,0.399,INTRO,simulate_fallback
2026-07-01T14:09:31.897592+00:00,กาแฟลดน้ำหนัก,28.82,0.498,0.101,0.379,INTRO,simulate_fallback
2026-07-01T14:09:31.897592+00:00,โพรไบโอติก,29.43,-0.15,0.192,-0.048,STABLE,simulate_fallback
2026-07-01T14:09:31.897592+00:00,คอลลาเจน,28.49,-0.193,-0.224,-0.202,STABLE,simulate_fallback
2026-07-01T14:09:31.897592+00:00,วิตามินผิว,29.33,-0.425,-0.536,-0.458,DECLINE,simulate_fallback
2026-07-01T14:09:31.897592+00:00,ไฟ LED ติดผนัง,29.32,-0.148,0.563,0.065,STABLE,simulate_fallback
2026-07-01T14:09:31.897592+00:00,หม้อทอดไร้น้ำมัน,28.55,-0.201,-0.158,-0.188,STABLE,simulate_fallback
2026-07-01T14:09:31.897592+00:00,เครื่องฟอกอากาศ,31.06,-0.55,0.192,-0.327,DECLINE,simulate_fallback
2026-07-01T14:09:31.897592+00:00,ที่ดูดฝุ่นไร้สาย,27.45,-0.354,-0.632,-0.438,DECLINE,simulate_fallback
2026-07-01T14:09:31.897592+00:00,เครื่องชงกาแฟ,24.64,-0.755,-0.317,-0.624,DECLINE,simulate_fallback
2026-07-01T14:09:31.897592+00:00,รองเท้าผ้าใบ,100.0,9.333,5.778,8.267,GROWTH,live
2026-07-01T14:09:31.897592+00:00,เสื้อโอเวอร์ไซส์,0.0,0.0,0.0,0.0,STABLE,live
2026-07-01T14:09:31.897592+00:00,กางเกงขายาวทรงสวย,0.0,0.0,0.0,0.0,STABLE,live
2026-07-01T14:09:31.897592+00:00,เดรสออกงาน,0.0,0.0,0.0,0.0,STABLE,live
2026-07-01T14:09:31.897592+00:00,กระเป๋าสะพาย,0.0,-2.889,-6.0,-3.822,DECLINE,live
2026-07-01T17:07:28.978648+00:00,ลิปเปลี่ยนสี,0.0,0.0,0.0,0.0,STABLE,live
2026-07-01T17:07:28.978648+00:00,ครีมกันแดดโกลว์,0.0,0.0,0.0,0.0,STABLE,live
2026-07-01T17:07:28.978648+00:00,เซรั่มหน้าใส,0.0,0.0,0.0,0.0,STABLE,live
2026-07-01T17:07:28.978648+00:00,น้ำหอมติดทน,0.0,0.0,0.0,0.0,STABLE,live
2026-07-01T17:07:28.978648+00:00,คอนซีลเลอร์,0.0,0.0,0.0,0.0,STABLE,live
2026-07-01T17:07:28.978648+00:00,ขนมเกาหลี,0.0,0.0,0.0,0.0,STABLE,live
2026-07-01T17:07:28.978648+00:00,กาแฟลดน้ำหนัก,0.0,0.0,0.0,0.0,STABLE,live
2026-07-01T17:07:28.978648+00:00,โพรไบโอติก,0.0,0.0,0.0,0.0,STABLE,live
2026-07-01T17:07:28.978648+00:00,วิตามินผิว,0.0,-2.556,0.0,-1.789,DECLINE,live
2026-07-01T17:07:28.978648+00:00,คอลลาเจน,0.0,-11.333,-7.889,-10.3,DECLINE,live
2026-07-01T17:07:28.978648+00:00,ที่ดูดฝุ่นไร้สาย,0.0,0.0,0.0,0.0,STABLE,live
2026-07-01T17:07:28.978648+00:00,หม้อทอดไร้น้ำมัน,0.0,0.0,0.0,0.0,STABLE,live
2026-07-01T17:07:28.978648+00:00,ไฟ LED ติดผนัง,0.0,0.0,0.0,0.0,STABLE,live
2026-07-01T17:07:28.978648+00:00,เครื่องฟอกอากาศ,0.0,-0.667,0.0,-0.467,DECLINE,live
2026-07-01T17:07:28.978648+00:00,เครื่องชงกาแฟ,0.0,-5.222,-4.222,-4.922,DECLINE,live
2026-07-01T17:07:28.978648+00:00,เดรสออกงาน,30.74,0.095,0.085,0.092,STABLE,simulate_fallback
2026-07-01T17:07:28.978648+00:00,รองเท้าผ้าใบ,31.77,0.035,0.038,0.036,STABLE,simulate_fallback
2026-07-01T17:07:28.978648+00:00,กระเป๋าสะพาย,30.97,0.148,-0.454,-0.033,STABLE,simulate_fallback
2026-07-01T17:07:28.978648+00:00,กางเกงขายาวทรงสวย,30.49,-0.307,0.02,-0.209,DECLINE,simulate_fallback
2026-07-01T17:07:28.978648+00:00,เสื้อโอเวอร์ไซส์,31.2,-0.318,-0.031,-0.232,DECLINE,simulate_fallback
2026-07-01T19:39:56.579720+00:00,ลิปเปลี่ยนสี,100.0,11.111,11.111,11.111,GROWTH,live
2026-07-01T19:39:56.579720+00:00,ครีมกันแดดโกลว์,0.0,0.0,0.0,0.0,STABLE,live
2026-07-01T19:39:56.579720+00:00,เซรั่มหน้าใส,0.0,0.0,0.0,0.0,STABLE,live
2026-07-01T19:39:56.579720+00:00,น้ำหอมติดทน,0.0,0.0,0.0,0.0,STABLE,live
2026-07-01T19:39:56.579720+00:00,คอนซีลเลอร์,0.0,0.0,0.0,0.0,STABLE,live
2026-07-01T19:39:56.579720+00:00,ขนมเกาหลี,30.7,0.254,0.068,0.199,STABLE,simulate_fallback
2026-07-01T19:39:56.579720+00:00,กาแฟลดน้ำหนัก,28.35,0.086,0.41,0.183,STABLE,simulate_fallback
2026-07-01T19:39:56.579720+00:00,โพรไบโอติก,30.03,0.194,-0.066,0.116,STABLE,simulate_fallback
2026-07-01T19:39:56.579720+00:00,คอลลาเจน,29.65,-0.533,-0.59,-0.55,DECLINE,simulate_fallback
2026-07-01T19:39:56.579720+00:00,วิตามินผิว,30.78,-0.643,-0.513,-0.604,DECLINE,simulate_fallback
2026-07-01T19:39:56.579720+00:00,เครื่องชงกาแฟ,0.0,0.0,4.111,1.233,STABLE,live
2026-07-01T19:39:56.579720+00:00,ที่ดูดฝุ่นไร้สาย,0.0,0.0,0.0,0.0,STABLE,live
2026-07-01T19:39:56.579720+00:00,หม้อทอดไร้น้ำมัน,0.0,0.0,0.0,0.0,STABLE,live
2026-07-01T19:39:56.579720+00:00,ไฟ LED ติดผนัง,0.0,0.0,0.0,0.0,STABLE,live
2026-07-01T19:39:56.579720+00:00,เครื่องฟอกอากาศ,0.0,-6.556,0.0,-4.589,DECLINE,live
2026-07-01T19:39:56.579720+00:00,เสื้อโอเวอร์ไซส์,0.0,0.0,0.0,0.0,STABLE,live
2026-07-01T19:39:56.579720+00:00,กางเกงขายาวทรงสวย,0.0,0.0,0.0,0.0,STABLE,live
2026-07-01T19:39:56.579720+00:00,เดรสออกงาน,0.0,0.0,0.0,0.0,STABLE,live
2026-07-01T19:39:56.579720+00:00,กระเป๋าสะพาย,0.0,-9.111,4.333,-5.078,DECLINE,live
2026-07-01T19:39:56.579720+00:00,รองเท้าผ้าใบ,0.0,-11.0,6.222,-5.833,DECLINE,live
2026-07-01T22:13:10.337168+00:00,ลิปเปลี่ยนสี,0.0,0.0,0.0,0.0,STABLE,live
2026-07-01T22:13:10.337168+00:00,ครีมกันแดดโกลว์,0.0,0.0,0.0,0.0,STABLE,live
2026-07-01T22:13:10.337168+00:00,เซรั่มหน้าใส,0.0,0.0,0.0,0.0,STABLE,live
2026-07-01T22:13:10.337168+00:00,น้ำหอมติดทน,0.0,0.0,0.0,0.0,STABLE,live
2026-07-01T22:13:10.337168+00:00,คอนซีลเลอร์,0.0,0.0,0.0,0.0,STABLE,live
2026-07-01T22:13:10.337168+00:00,คอลลาเจน,0.0,3.778,3.778,3.778,INTRO,live
2026-07-01T22:13:10.337168+00:00,วิตามินผิว,0.0,0.0,0.0,0.0,STABLE,live
2026-07-01T22:13:10.337168+00:00,ขนมเกาหลี,0.0,0.0,0.0,0.0,STABLE,live
2026-07-01T22:13:10.337168+00:00,กาแฟลดน้ำหนัก,0.0,0.0,0.0,0.0,STABLE,live
2026-07-01T22:13:10.337168+00:00,โพรไบโอติก,0.0,0.0,0.0,0.0,STABLE,live
2026-07-01T22:13:10.337168+00:00,ที่ดูดฝุ่นไร้สาย,0.0,0.0,0.0,0.0,STABLE,live
2026-07-01T22:13:10.337168+00:00,หม้อทอดไร้น้ำมัน,0.0,0.0,0.0,0.0,STABLE,live
2026-07-01T22:13:10.337168+00:00,ไฟ LED ติดผนัง,0.0,0.0,0.0,0.0,STABLE,live
2026-07-01T22:13:10.337168+00:00,เครื่องชงกาแฟ,0.0,0.0,0.0,0.0,STABLE,live
2026-07-01T22:13:10.337168+00:00,เครื่องฟอกอากาศ,0.0,-8.444,0.0,-5.911,DECLINE,live
2026-07-01T22:13:10.337168+00:00,เสื้อโอเวอร์ไซส์,0.0,0.0,0.0,0.0,STABLE,live
2026-07-01T22:13:10.337168+00:00,กางเกงขายาวทรงสวย,0.0,0.0,0.0,0.0,STABLE,live
2026-07-01T22:13:10.337168+00:00,รองเท้าผ้าใบ,0.0,0.0,0.0,0.0,STABLE,live
2026-07-01T22:13:10.337168+00:00,กระเป๋าสะพาย,0.0,0.0,0.0,0.0,STABLE,live
2026-07-01T22:13:10.337168+00:00,เดรสออกงาน,0.0,0.0,0.0,0.0,STABLE,live
2026-07-02T02:27:20.553436+00:00,ลิปเปลี่ยนสี,0.0,0.0,0.0,0.0,STABLE,live
2026-07-02T02:27:20.553436+00:00,ครีมกันแดดโกลว์,0.0,0.0,0.0,0.0,STABLE,live
2026-07-02T02:27:20.553436+00:00,เซรั่มหน้าใส,0.0,0.0,0.0,0.0,STABLE,live
2026-07-02T02:27:20.553436+00:00,น้ำหอมติดทน,0.0,0.0,0.0,0.0,STABLE,live
2026-07-02T02:27:20.553436+00:00,คอนซีลเลอร์,0.0,0.0,0.0,0.0,STABLE,live
2026-07-02T02:27:20.553436+00:00,โพรไบโอติก,0.0,2.444,0.0,1.711,INTRO,live
2026-07-02T02:27:20.553436+00:00,วิตามินผิว,0.0,1.556,0.0,1.089,INTRO,live
2026-07-02T02:27:20.553436+00:00,ขนมเกาหลี,0.0,0.0,0.0,0.0,STABLE,live
2026-07-02T02:27:20.553436+00:00,กาแฟลดน้ำหนัก,0.0,0.0,0.0,0.0,STABLE,live
2026-07-02T02:27:20.553436+00:00,คอลลาเจน,45.0,-1.333,1.222,-0.567,DECLINE,live
2026-07-02T02:27:20.553436+00:00,เครื่องฟอกอากาศ,42.0,8.333,4.667,7.233,GROWTH,live
2026-07-02T02:27:20.553436+00:00,เครื่องชงกาแฟ,49.0,11.889,-3.889,7.156,PEAK,live
2026-07-02T02:27:20.553436+00:00,ที่ดูดฝุ่นไร้สาย,0.0,0.0,0.0,0.0,STABLE,live
2026-07-02T02:27:20.553436+00:00,ไฟ LED ติดผนัง,0.0,0.0,0.0,0.0,STABLE,live
2026-07-02T02:27:20.553436+00:00,หม้อทอดไร้น้ำมัน,0.0,2.556,-8.444,-0.744,INTRO,live
2026-07-02T02:27:20.553436+00:00,กระเป๋าสะพาย,50.0,8.111,-5.333,4.078,PEAK,live
2026-07-02T02:27:20.553436+00:00,รองเท้าผ้าใบ,37.0,5.667,-9.0,1.267,PEAK,live
2026-07-02T02:27:20.553436+00:00,เสื้อโอเวอร์ไซส์,0.0,0.0,0.0,0.0,STABLE,live
2026-07-02T02:27:20.553436+00:00,กางเกงขายาวทรงสวย,0.0,0.0,0.0,0.0,STABLE,live
2026-07-02T02:27:20.553436+00:00,เดรสออกงาน,0.0,0.0,0.0,0.0,STABLE,live
